key,nonce,data,enc
1b56fe150605a1aa217fa630b03d3650a7b159baf38de171f53a89881258c000,5af1a88c13bee7cce4661d2e,15,b7
92636ae6897d16fee7e12df59f934a4b40b881dc04f0682ab7cca23184e4babb,a2896dd830bfb1b74ae5868f,2b90,f2e6
d66a89599cc6116343fc583496de5568c1b5b1af8325e222c3bc8ca409aa4d7f,24cf0f26bf756984219b78d1,3a7951,3ccf6d
c6a4f0c7ce15c2c3c9d5388ce898305d3ea622cd6a89d7259bbd29273bdc3913,be91fe32feda64747022f368,ec7052b5,67ecc82d
698f883ae45f64346713f16b791ad61c94c40764c6678f5056bc50ef97fbebb9,a1d3de631f8e26745480a5f1,49e72f157a,eefd12bec0
0ced1a14df95a4157303b8fbf9632f4a5bbb095955c16f7388eb245944019e2f,dae482f2669c0fd6c7126b4c,b82b0bb3c699,361fc8af5a92
8a43545eb9cc4b74720d71de8de97f9f2bd34bc50706170b36ffa6106e0b9e27,1009695acc30939e96dc8249,3a88aef3d78fc2,59744149bcb6af
f8d4eb3efcc98d1224c32db03102faa4d2b55b57a3ec9dde75cab50ca35612e5,a916c40c4d9d795133aba116,bd21f8b5e16e9604,5ca3204c6bd58f88
5fed9bc2a7e7e91e930ffe2ccf9aaa8978356bc42aed07ee23f0964dd76fb4d0,3c1dc6efe35944b7e9b1313a,f74d62dfc67af8ae19,e7531b55f4c3748db4
b0e2c97dbe9b272f216a2aa773db3037091ce5ab86a492669324801f3a501394,76c9ef4b002c16de868b963f,bc9fab83df05f08e1a22,cc433b69ea2d8514e36b
