key,iv,data,enc
966a00fa69700f0f,30a45d6fa3d2b01b,3a7c29408e7f3f66,b93c22cd31996cb2
3377cca50b1f1cd4,38ced378864b73a7,5c3fc0e905e5b9a6fde3e47aa4aaa51c,0cb151c3ba01a4d2c7d1638114e091d9
85126b0fb322bf8a,619b64ae274372fa,aacc7893d6334d1f5d0fcaa4f058ff8c3ad771e70a4306a4,2fc79c5f329767e92915dd8c5c0cb0ee5323210953f21b81
7e153b8c3324e138,70f9cecc96668d8e,c0c26b90a213ef92d8ca775532c61c0887c969551bb755f3d8e8a17bbcbaa46d,c2526377dfd11aa096cbdf32b2690d23cb4130bacf6a0a027a4012fc1a3af690
a20014fe69a870c2,a628765a16e17192,397771c1658362bb054ad17ee2b719b6f263fdf04f82702181bd06e77c5ac5c77090d5dd65a56900,af108f246d6872b649d2c188f21bb6b3398eb6668a14aee246ab4a3f22c1d0288559aee4f17710b5
14c590b55ac7b1a8,cb3b4866757f2c11,02a9878610abcff080c4b81b8e9460235e884b02fd361928f49ac7ddbb62d2be71f41cba1a2795dbd87f99959ff7749a,448d3c911bd12cc6b6331414134da9cd4dc28f7ccebb96c11b2a0ea0d59aedbfe4ad2b0c5298aeb8cab4884125a96f18
384f99f1f24242d0,bcd28b35a4db8580,13e968bcd19acaf3f499b3a9614b139d4f9f0903c72390c32b4860c79289f93f59cd11f769e2e4e21ef6b568fcaca6f3f7cacd6f92610aa6,1c884a33b5c661d0f907b58a5e2fbeb58544b0da6df61c33d17d40285ac285fa5a110c89004948606b75dfb17e0d9561b6ffbc0a396c1db3
db4a6ab2d9472e1a,abf9d80ee8fab0a4,07c68628067911656331f8b93f144cc02d8c0e859e8d8a62251ca75862eeb2748a82c41bfbb73b33f23b2944c636297e68eb26a29a6708697159739891ac94c0,3ab9c7a01d3075b8f8d407c971253c98b3f06fb02d53dba84fccbb115c430a452892109fd61b018724b499fc4ffefd9077e9e147867f1184e25401fce2e1c9bd
5539068ce6ad4a91,3b774c6264f575e3,0311002cd4cf9f35208cb2248985db9257c9458ff28e655122dce0b3d5b1c9b64ff749b6fe2ac5ce7bc69b391630174c6b1150853e5928f73ef1036a9afdbd3af76adc864927fe4c,3f603edd5238bdcc469a01fa3e82ec1225ab0bc2d29917b5b80b30f480990ca20672d4d7f2a6bfa8c853c16f435a480cc6dcab99d06e99e0547c4ee098c296852551a1bfcf8c3826
15ccb69cd4579dff,d9cb6464278bd966,e6d2737f7ec9d8b904cf02d68f86a13acaf11abf12f95578dfa1169d1105b2413fd3c5661e50c86640dea2a980851fa6cf568ce130d4916666672758fb94bdbdf9d8c53388e630e684ec2e76907e663a,1c12709e36c74e55e6b1cd6d7e8d4c280ba63355dd8c911a55ff0692bd9c5db7b7769f740a039c7b5171caed43581d2a01e44b74ba0420bd812ce6f95d5954a121165b44fdbb860de1559f43064653b6
